TENANT_ID,COMPANY_NAME,MANDT,BUKRS,WERKS,BLDAT,MATNR,MAKTX,BWART,MENGE,MEINS,DMBTR,WAERS,KOSTL
T001,Tata Manufacturing Ltd,100,2000,PL01,20240415,000000000500014,LPG Industrial,261,437.97,KG,29210.81,INR,KST-5003
T001,Tata Manufacturing Ltd,100,1000,PL03,20240416,000000000500013,Motor Spirit,261,488.49,L,47330.67,INR,KST-5006
T001,Tata Manufacturing Ltd,100,1000,PL02,20240114,000000000500014,LPG Industrial,261,106.56,KG,6792.08,INR,KST-5004
T001,Tata Manufacturing Ltd,100,1000,PL02,20240422,000000000500013,Motor Spirit,261,487.54,L,49458.67,INR,KST-5007
T001,Tata Manufacturing Ltd,100,2000,PL04,20240111,000000000500012,Diesel EN590,261,412.50,GAL,38650.82,INR,KST-5005
T001,Tata Manufacturing Ltd,100,1000,PL03,20240603,000000000500013,Motor Spirit,261,530.05,GAL,56935.48,INR,KST-5002
T001,Tata Manufacturing Ltd,100,1000,PL04,20240114,000000000500014,LPG Industrial,261,111.93,KG,7324.09,INR,KST-5005
T001,Tata Manufacturing Ltd,100,1000,PL04,20240208,000000000500013,Motor Spirit,261,243.97,GAL,23392.11,INR,KST-5002
T001,Tata Manufacturing Ltd,100,2000,PL04,20240320,000000000500013,Motor Spirit,261,448.67,GAL,46653.75,INR,KST-5001
T001,Tata Manufacturing Ltd,100,1000,PL03,20240629,000000000500012,Diesel EN590,261,755.30,L,59564.97,INR,KST-5004
T001,Tata Manufacturing Ltd,100,1000,PL01,20240510,000000000500015,CNG,261,1250.00,KG,240024.60,INR,KST-5006
T001,Tata Manufacturing Ltd,100,2000,PL02,20240201,000000000500016,Diesel EN590,261,1500.00,L,601820.62,INR,KST-5006
T001,Tata Manufacturing Ltd,100,1000,PL04,20240313,000000000500014,LPG Industrial,261,245.95,KG,164481.08,INR,KST-5002
T001,Tata Manufacturing Ltd,100,1000,PL03,20240504,000000000500013,Motor Spirit,261,625.00,L,227198.07,INR,KST-5009
T001,Tata Manufacturing Ltd,100,2000,PL01,20240520,000000000500015,CNG,261,890.00,KG,437634.48,INR,KST-5004
T001,Tata Manufacturing Ltd,100,1000,PL02,20240602,000000000500012,Diesel EN590,261,350.00,L,305632.50,INR,KST-5008
T001,Tata Manufacturing Ltd,100,1000,PL03,20240415,000000000500014,LPG Industrial,261,175.50,KG,182045.12,INR,KST-5003
T001,Tata Manufacturing Ltd,100,2000,PL04,20240318,000000000500013,Motor Spirit,261,412.00,GAL,51628.45,INR,KST-5001
T001,Tata Manufacturing Ltd,100,1000,PL01,20240625,000000000500012,Diesel EN590,261,625.75,L,389521.68,INR,KST-5004
T001,Tata Manufacturing Ltd,100,2000,PL03,20240512,000000000500015,CNG,261,1100.00,KG,528746.32,INR,KST-5007
T001,Tata Manufacturing Ltd,100,1000,PL03,20240122,000000000500015,Structural Steel,101,"3.651,36",KG,"279.547,48",INR,KST-5007
T001,Tata Manufacturing Ltd,100,2000,PL01,20240522,000000000500015,Structural Steel,101,"5.530,41",KG,"356.818,67",INR,KST-5001
T001,Tata Manufacturing Ltd,100,2000,PL01,20240428,000000000500013,Motor Spirit,311,"601,16",L,"63.597,83",INR,KST-5007
T001,Tata Manufacturing Ltd,100,1000,PL02,20240226,000000000500012,Diesel EN590,201,"303,16",L,"28.421,16",INR,KST-5002
T001,Tata Manufacturing Ltd,100,1000,PL04,20240202,000000000500015,Structural Steel,101,"2.241,29",KG,"164.808,59",INR,KST-5010
T001,Tata Manufacturing Ltd,100,1000,PL01,20240419,000000000500014,LPG Industrial,261,"335,34",KG,"23.851,30",INR,KST-5003
T001,Tata Manufacturing Ltd,100,2000,PL04,20240317,000000000500016,Concrete Mix C30,101,"47,23",M3,"244.236,26",INR,KST-5006
T001,Tata Manufacturing Ltd,100,2000,PL01,20240228,000000000500012,Diesel EN590,261,"757,62",L,"67.749,72",INR,KST-5009
T001,Tata Manufacturing Ltd,100,2000,PL03,20240312,000000000500012,Diesel EN590,261,"742,43",L,"70.187,44",INR,KST-5003
T001,Tata Manufacturing Ltd,100,1000,PL03,20240520,000000000500014,LPG Industrial,261,"411,39",KG,"25.480,74",INR,KST-5004
T001,Tata Manufacturing Ltd,100,2000,PL02,20240221,000000000500012,Diesel EN590,261,"679,60",GAL,"64.324,03",INR,KST-5004
T001,Tata Manufacturing Ltd,100,2000,PL04,20240303,000000000500014,LPG Industrial,261,"265,72",KG,"16.406,26",INR,KST-5008
T001,Tata Manufacturing Ltd,100,2000,PL04,20240117,000000000500014,LPG Industrial,261,"285,48",KG,"18.834,09",INR,KST-5006
T001,Tata Manufacturing Ltd,100,1000,PL01,20240512,000000000500014,LPG Industrial,261,"50.000,00",KG,"15.245,89",INR,KST-5004
T001,Tata Manufacturing Ltd,100,1000,PL03,20240416,000000000500012,Diesel EN590,201,"715,58",GAL,"67.889,01",INR,KST-5007
T001,Tata Manufacturing Ltd,100,1000,PL04,20240425,000000000500013,Motor Spirit,261,"641,37",L,"63.325,10",INR,KST-5009
T001,Tata Manufacturing Ltd,100,1000,PL03,20240310,000000000500014,LPG Industrial,261,"132,11",KG,"8.744,59",INR,KST-5001
T001,Tata Manufacturing Ltd,100,2000,PL01,20240425,000000000500015,Structural Steel,101,"7.809,33",KG,"584.535,54",INR,KST-5001
T001,Tata Manufacturing Ltd,100,1000,PL04,20240508,000000000500016,Concrete Mix C30,101,"90,74",M3,"444.617,23",INR,KST-5007
T001,Tata Manufacturing Ltd,100,2000,,20240627,000000000500012,Diesel EN590,261,"802,06",L,"75.475,34",INR,KST-5001
T001,Tata Manufacturing Ltd,100,1000,PL01,20240312,000000000500016,Concrete Mix C30,101,"37,12",M3,"227.076,07",INR,KST-5007
T001,Tata Manufacturing Ltd,100,2000,PL03,20240420,000000000500015,Structural Steel,101,"1.277,52",KG,"90.222,55",INR,KST-5001
T001,Tata Manufacturing Ltd,100,1000,PL03,20240223,000000000500015,Structural Steel,101,"5.613,49",KG,"437.262,54",INR,KST-5006
T001,Tata Manufacturing Ltd,100,2000,PL04,20240603,000000000500014,LPG Industrial,261,"124,05",KG,"8.279,55",INR,KST-5009
T001,Tata Manufacturing Ltd,100,1000,PL01,20240622,000000000500013,Motor Spirit,261,"454,53",L,"46.523,51",INR,KST-5006
T001,Tata Manufacturing Ltd,100,1000,PL04,20240310,000000000500014,LPG Industrial,261,"113,96",KG,"8.438,77",INR,KST-5001
T001,Tata Manufacturing Ltd,100,2000,PL02,20240428,000000000500015,Structural Steel,101,"5.164,03",KG,"323.308,45",INR,KST-5008
T001,Tata Manufacturing Ltd,100,1000,PL02,20240518,000000000500016,Concrete Mix C30,101,"24,11",M3,"156.209,63",INR,KST-5010
T001,Tata Manufacturing Ltd,100,2000,PL02,20240219,000000000500016,Concrete Mix C30,101,"117,82",M3,"570.825,18",INR,KST-5003
T001,Tata Manufacturing Ltd,100,1000,PL04,20240220,000000000500013,Motor Spirit,261,"583,74",L,"63.590,61",INR,KST-5007
T001,Tata Manufacturing Ltd,100,1000,PL03,20240416,000000000500015,Structural Steel,101,"4.911,40",KG,"404.685,35",INR,KST-5009
T001,Tata Manufacturing Ltd,100,2000,PL01,20240420,000000000500015,Structural Steel,101,"4.135,85",KG,"309.306,75",INR,KST-5008
T001,Tata Manufacturing Ltd,100,2000,PL04,20240217,000000000500015,Structural Steel,101,"4.328,91",KG,"283.789,20",INR,KST-5006
T001,Tata Manufacturing Ltd,100,1000,PL03,20240408,000000000500015,Structural Steel,101,"4.703,13",KG,"388.784,89",INR,KST-5007
T001,Tata Manufacturing Ltd,100,1000,PL01,20240204,000000000500015,Structural Steel,101,"2.160,06",KG,"131.465,44",INR,KST-5007
T001,Tata Manufacturing Ltd,100,1000,PL02,20240417,000000000500012,Diesel EN590,201,"938,06",L,"86.691,61",INR,KST-5003
T001,Tata Manufacturing Ltd,100,2000,PL01,20240325,000000000500015,Structural Steel,101,"-500,00",KG,"351.265,25",INR,KST-5009
T001,Tata Manufacturing Ltd,100,2000,PL01,20240203,000000000500015,Structural Steel,101,"2.580,97",KG,"208.200,00",INR,KST-5005
T001,Tata Manufacturing Ltd,100,1000,PL02,20240113,000000000500014,LPG Industrial,261,"221,72",KG,"13.643,33",INR,KST-5006
T001,Tata Manufacturing Ltd,100,1000,,20240109,000000000500016,Concrete Mix C30,101,"39,69",M3,"228.243,77",INR,KST-5007
T001,Tata Manufacturing Ltd,100,2000,PL04,20240516,000000000500012,Diesel EN590,261,"919,50",L,"80.917,56",INR,KST-5003
T001,Tata Manufacturing Ltd,100,1000,PL04,20240423,000000000500015,Structural Steel,101,"3.612,51",KG,"242.643,68",INR,KST-5006
T001,Tata Manufacturing Ltd,100,2000,PL01,20240329,000000000500014,LPG Industrial,261,"244,24",KG,"16.345,32",INR,KST-5010
T001,Tata Manufacturing Ltd,100,1000,PL04,20240310,000000000500015,Structural Steel,101,"4.850,98",KG,"284.197,01",INR,KST-5010
T001,Tata Manufacturing Ltd,100,1000,PL02,20240116,000000000500012,Diesel EN590,261,"461,63",GAL,"43.381,59",INR,KST-5006
T001,Tata Manufacturing Ltd,100,2000,PL03,20240303,000000000500015,Structural Steel,101,"3.295,11",KG,"273.915,73",INR,KST-5001
T001,Tata Manufacturing Ltd,100,2000,PL04,20240409,000000000500016,Concrete Mix C30,101,"50.000,00",M3,"863.420,17",INR,KST-5002
T001,Tata Manufacturing Ltd,100,1000,PL01,20240527,000000000500013,Motor Spirit,261,"473,49",L,"50.076,28",INR,KST-5010
T001,Tata Manufacturing Ltd,100,1000,PL01,20240118,000000000500016,Concrete Mix C30,101,"39,98",M3,"256.685,47",INR,KST-5009
T001,Tata Manufacturing Ltd,100,2000,PL02,20240302,000000000500016,Concrete Mix C30,101,"80,69",M3,"462.637,73",INR,KST-5010
T001,Tata Manufacturing Ltd,100,1000,PL04,20240509,000000000500012,Diesel EN590,261,"836,39",L,"79.380,40",INR,KST-5001
T001,Tata Manufacturing Ltd,100,2000,PL01,20240301,000000000500013,Motor Spirit,261,"376,47",L,"38.054,27",INR,KST-5009
T001,Tata Manufacturing Ltd,100,1000,PL04,20240103,000000000500014,LPG Industrial,261,"137,71",KG,"8.833,51",INR,KST-5001
T001,Tata Manufacturing Ltd,100,1000,PL02,20240209,000000000500013,Motor Spirit,261,"469,59",GAL,"49.762,47",INR,KST-5002
T001,Tata Manufacturing Ltd,100,2000,PL03,20240603,000000000500015,Structural Steel,101,"2.479,45",KG,"151.443,08",INR,KST-5008
T001,Tata Manufacturing Ltd,100,1000,PL04,20240226,000000000500016,Concrete Mix C30,101,"74,51",M3,"446.079,46",INR,KST-5008
T001,Tata Manufacturing Ltd,100,1000,PL02,20240504,000000000500012,Diesel EN590,201,"427,02",L,"38.265,78",INR,KST-5009
T001,Tata Manufacturing Ltd,100,2000,PL02,20240212,000000000500016,,101,"33,65",M3,"199.809,81",INR,KST-5001
T001,Tata Manufacturing Ltd,100,2000,PL01,20240106,000000000500015,Structural Steel,101,"3.097,53",KG,"204.343,31",INR,KST-5005
T001,Tata Manufacturing Ltd,100,1000,PL04,20240219,000000000500014,LPG Industrial,261,"355,91",KG,"25.134,97",INR,KST-5010
T001,Tata Manufacturing Ltd,100,2000,PL01,20240316,000000000500015,Structural Steel,101,"6.608,81",KG,"503.584,43",INR,KST-5007
T001,Tata Manufacturing Ltd,100,1000,PL02,20240201,000000000500014,LPG Industrial,261,"286,55",KG,"19.647,80",INR,KST-5009
T001,Tata Manufacturing Ltd,100,2000,PL01,20240331,000000000500016,Concrete Mix C30,101,"26,96",M3,"153.693,40",INR,KST-5010
T001,Tata Manufacturing Ltd,100,1000,PL04,20240423,000000000500012,Diesel EN590,261,"570,30",L,"51.990,03",INR,KST-5003
T001,Tata Manufacturing Ltd,100,2000,PL03,20240430,000000000500015,Structural Steel,101,"7.136,47",KG,"565.244,01",INR,KST-5005
T001,Tata Manufacturing Ltd,100,1000,PL03,20240416,000000000500014,LPG Industrial,261,"134,68",KG,"8.933,19",INR,KST-5007
T001,Tata Manufacturing Ltd,100,1000,PL04,20240206,000000000500013,Motor Spirit,261,"469,16",L,"50.970,67",INR,KST-5001
T001,Tata Manufacturing Ltd,100,1000,PL04,20240419,000000000500014,LPG Industrial,261,"186,53",KG,"13.778,52",INR,KST-5003
T001,Tata Manufacturing Ltd,100,1000,PL03,20240215,000000000500013,Motor Spirit,261,"306,95",L,"32.796,21",INR,KST-5008
T001,Tata Manufacturing Ltd,100,2000,PL02,20240225,000000000500013,Motor Spirit,261,"266,58",L,"28.895,10",INR,KST-5004
T001,Tata Manufacturing Ltd,100,1000,PL02,20240209,000000000500014,LPG Industrial,261,"130,96",KG,"8.452,04",INR,KST-5008
T001,Tata Manufacturing Ltd,100,1000,PL04,20240606,000000000500012,Diesel EN590,201,"937,74",L,"83.215,11",INR,KST-5001
T001,Tata Manufacturing Ltd,100,1000,PL01,20240402,000000000500012,Diesel EN590,261,"1.027,00",L,"90.821,76",INR,KST-5008
T001,Tata Manufacturing Ltd,100,1000,,20240501,000000000500013,Motor Spirit,261,"417,97",L,"44.180,46",INR,KST-5010
T001,Tata Manufacturing Ltd,100,1000,PL04,20240311,000000000500012,Diesel EN590,261,"350,68",L,"32.887,95",INR,KST-5005
T001,Tata Manufacturing Ltd,100,1000,PL04,20240602,000000000500016,Concrete Mix C30,101,"52,02",M3,"305.966,75",INR,KST-5008
T001,Tata Manufacturing Ltd,100,2000,PL02,20240627,000000000500012,Diesel EN590,261,"595,85",L,"56.393,91",INR,KST-5003
T001,Tata Manufacturing Ltd,100,1000,PL04,20240516,000000000500012,Diesel EN590,201,"824,25",L,"73.252,63",INR,KST-5006
T001,Tata Manufacturing Ltd,100,2000,PL03,20240511,000000000500015,Structural Steel,101,"7.338,90",KG,"509.055,55",INR,KST-5004
T001,Tata Manufacturing Ltd,100,1000,PL04,20240324,000000000500016,Concrete Mix C30,101,"112,01",M3,"557.325,63",INR,KST-5010
T001,Tata Manufacturing Ltd,100,1000,PL01,20240524,000000000500014,LPG Industrial,261,"462,44",KG,"31.945,14",INR,KST-5004
T001,Tata Manufacturing Ltd,100,2000,PL02,20240204,000000000500014,LPG Industrial,261,"161,19",KG,"11.421,68",INR,KST-5007
T001,Tata Manufacturing Ltd,100,1000,PL03,20240528,000000000500015,Structural Steel,101,"6.721,67",KG,"419.014,95",INR,KST-5009
T001,Tata Manufacturing Ltd,100,1000,PL01,20240428,000000000500013,Motor Spirit,261,"385,45",L,"37.917,54",INR,KST-5009
T001,Tata Manufacturing Ltd,100,2000,PL04,20240617,000000000500013,Motor Spirit,261,"521,38",GAL,"50.511,47",INR,KST-5002
T001,Tata Manufacturing Ltd,100,2000,PL03,20240627,000000000500014,LPG Industrial,261,"326,99",KG,"22.009,05",INR,KST-5009
T001,Tata Manufacturing Ltd,100,1000,PL03,20240602,000000000500016,Concrete Mix C30,101,"22,13",M3,"124.012,15",INR,KST-5001
T001,Tata Manufacturing Ltd,100,2000,PL01,20240503,000000000500012,Diesel EN590,261,"573,39",L,"53.026,06",INR,KST-5005
T001,Tata Manufacturing Ltd,100,1000,PL04,20240610,000000000500016,Concrete Mix C30,101,"115,01",M3,"675.077,48",INR,KST-5002
T001,Tata Manufacturing Ltd,100,2000,PL01,20240607,000000000500015,Structural Steel,101,"5.872,03",KG,"400.712,76",INR,KST-5008
T001,Tata Manufacturing Ltd,100,1000,PL03,20240404,000000000500016,Concrete Mix C30,101,"130,87",M3,"850.488,18",INR,KST-5004
T001,Tata Manufacturing Ltd,100,1000,PL03,20240126,000000000500012,Diesel EN590,261,"350,01",GAL,"32.659,36",INR,KST-5001
T001,Tata Manufacturing Ltd,100,2000,PL01,20240405,000000000500015,Structural Steel,101,"5.985,16",KG,"429.111,67",INR,KST-5002
T001,Tata Manufacturing Ltd,100,2000,PL04,20240409,000000000500015,Structural Steel,101,"3.824,16",KG,"218.126,68",INR,KST-5006
T001,Tata Manufacturing Ltd,100,1000,PL01,20240406,000000000500014,LPG Industrial,261,"298,44",KG,"22.019,05",INR,KST-5008
T001,Tata Manufacturing Ltd,100,1000,PL04,20240315,000000000500012,Diesel EN590,201,"789,50",GAL,"72.414,73",INR,KST-5010
T001,Tata Manufacturing Ltd,100,2000,PL01,20240122,000000000500016,Concrete Mix C30,101,"31,48",M3,"172.573,52",INR,KST-5004
T001,Tata Manufacturing Ltd,100,2000,PL01,20240221,000000000500014,LPG Industrial,261,"267,09",KG,"16.733,56",INR,KST-5008
T001,Tata Manufacturing Ltd,100,1000,PL02,20240309,000000000500016,Concrete Mix C30,101,"40,91",M3,"248.138,59",INR,KST-5003
T001,Tata Manufacturing Ltd,100,1000,PL01,20240424,000000000500013,Motor Spirit,261,"477,19",L,"49.848,55",INR,KST-5003
T001,Tata Manufacturing Ltd,100,2000,PL04,20240627,000000000500012,Diesel EN590,201,"625,32",L,"59.140,87",INR,KST-5001
T001,Tata Manufacturing Ltd,100,1000,PL01,20240321,000000000500012,Diesel EN590,201,"485,01",L,"44.467,19",INR,KST-5007
T001,Tata Manufacturing Ltd,100,1000,PL02,20240514,000000000500013,Motor Spirit,261,"606,66",L,"63.093,19",INR,KST-5003
T001,Tata Manufacturing Ltd,100,2000,PL02,20240424,000000000500015,Structural Steel,311,"4.018,43",KG,"244.256,44",INR,KST-5003
T001,Tata Manufacturing Ltd,100,2000,PL03,20240628,000000000500015,Structural Steel,101,"6.190,47",KG,"489.050,16",INR,KST-5007
T001,Tata Manufacturing Ltd,100,1000,PL03,20240217,000000000500015,Structural Steel,101,"2.559,60",KG,"189.401,02",INR,KST-5003
T001,Tata Manufacturing Ltd,100,1000,PL02,20240106,000000000500014,LPG Industrial,261,"273,93",KG,"16.868,59",INR,KST-5005
T001,Tata Manufacturing Ltd,100,1000,PL02,20270115,000000000500015,Structural Steel,311,"5.289,03",KG,"292.998,15",INR,KST-5006
T001,Tata Manufacturing Ltd,100,1000,PL02,20240103,000000000500014,LPG Industrial,261,"301,57",KG,"18.412,25",INR,KST-5003
T001,Tata Manufacturing Ltd,100,2000,PL02,20240318,000000000500016,Concrete Mix C30,101,"71,23",M3,"332.692,32",INR,KST-5007
T001,Tata Manufacturing Ltd,100,2000,PL02,20240112,000000000500012,Diesel EN590,201,"756,35",GAL,"71.698,84",INR,KST-5007
T001,Tata Manufacturing Ltd,100,2000,PL03,20240504,000000000500013,Motor Spirit,261,"642,79",L,"62.237,63",INR,KST-5007
T001,Tata Manufacturing Ltd,100,1000,PL01,20240509,000000000500015,Structural Steel,101,"3.803,80",KG,"311.518,03",INR,KST-5005
T001,Tata Manufacturing Ltd,100,2000,PL01,20240415,000000000500012,Diesel EN590,201,"496,16",L,"44.193,97",INR,KST-5005
T001,Tata Manufacturing Ltd,100,2000,PL03,20240402,000000000500015,Structural Steel,101,"5.972,15",KG,"465.336,40",INR,KST-5002
T001,Tata Manufacturing Ltd,100,2000,PL01,20240321,000000000500014,LPG Industrial,261,"162,68",KG,"9.912,56",INR,KST-5007
T001,Tata Manufacturing Ltd,100,1000,PL04,20240504,000000000500015,Structural Steel,101,"3.068,32",KG,"193.161,08",INR,KST-5004
T001,Tata Manufacturing Ltd,100,1000,PL03,20240627,000000000500015,Structural Steel,101,"4.869,66",KG,"321.115,90",INR,KST-5005
T001,Tata Manufacturing Ltd,100,1000,PL01,20240321,000000000500014,LPG Industrial,261,"136,83",KG,"9.198,16",INR,KST-5007
T001,Tata Manufacturing Ltd,100,2000,PL02,20240311,000000000500014,LPG Industrial,261,"221,33",KG,"16.054,41",INR,KST-5010
T001,Tata Manufacturing Ltd,100,2000,PL02,20240127,000000000500016,Concrete Mix C30,101,"-500,00",M3,"523.777,77",INR,KST-5004
T001,Tata Manufacturing Ltd,100,2000,PL03,20240401,000000000500014,LPG Industrial,261,"156,32",KG,"10.951,64",INR,KST-5008
T001,Tata Manufacturing Ltd,100,2000,PL02,20240312,000000000500015,Structural Steel,101,"1.836,89",KG,"139.132,27",INR,KST-5008
T001,Tata Manufacturing Ltd,100,2000,PL01,20240210,000000000500013,Motor Spirit,261,"286,87",GAL,"29.214,33",INR,KST-5008
T001,Tata Manufacturing Ltd,100,2000,PL03,20240208,000000000500014,LPG Industrial,261,"226,53",KG,"16.093,10",INR,KST-5002
T001,Tata Manufacturing Ltd,100,1000,PL03,20240302,000000000500013,Motor Spirit,261,"545,45",GAL,"55.010,33",INR,KST-5004
T001,Tata Manufacturing Ltd,100,2000,PL01,20240303,000000000500013,Motor Spirit,261,"458,46",L,"49.873,70",INR,KST-5008
T001,Tata Manufacturing Ltd,100,2000,PL01,20240127,000000000500014,LPG Industrial,261,"118,96",KG,"8.103,97",INR,KST-5003
T001,Tata Manufacturing Ltd,100,2000,,20240106,000000000500013,Motor Spirit,261,"224,18",L,"23.579,08",INR,KST-5010
T001,Tata Manufacturing Ltd,100,2000,PL04,20240425,000000000500013,Motor Spirit,261,"273,46",L,"27.125,50",INR,KST-5010
T001,Tata Manufacturing Ltd,100,2000,PL03,20240214,000000000500012,Diesel EN590,261,"738,66",L,"67.607,84",INR,KST-5010
T001,Tata Manufacturing Ltd,100,1000,PL03,20240528,000000000500012,Diesel EN590,261,"939,26",L,"89.104,21",INR,KST-5006
T001,Tata Manufacturing Ltd,100,1000,PL03,20240217,000000000500016,Concrete Mix C30,101,"50,01",M3,"272.204,17",INR,KST-5005
T001,Tata Manufacturing Ltd,100,2000,PL02,20240227,000000000500015,Structural Steel,101,"4.007,57",KG,"237.401,90",INR,KST-5010
T001,Tata Manufacturing Ltd,100,1000,PL04,20240524,000000000500014,LPG Industrial,261,"452,64",KG,"29.441,54",INR,KST-5006
T001,Tata Manufacturing Ltd,100,2000,PL02,20240606,000000000500015,Structural Steel,101,"7.602,83",KG,"577.936,04",INR,KST-5003
T001,Tata Manufacturing Ltd,100,1000,PL02,20240308,000000000500014,LPG Industrial,261,"279,76",KG,"18.020,09",INR,KST-5001
T001,Tata Manufacturing Ltd,100,1000,PL04,20240106,000000000500014,LPG Industrial,261,"308,79",KG,"22.092,90",INR,KST-5006
T001,Tata Manufacturing Ltd,100,1000,PL01,20240409,000000000500016,Concrete Mix C30,101,"20,50",M3,"93.871,73",INR,KST-5006
T001,Tata Manufacturing Ltd,100,2000,PL04,20240417,000000000500012,Diesel EN590,201,"452,45",L,"39.875,93",INR,KST-5002
T001,Tata Manufacturing Ltd,100,2000,PL01,20240505,000000000500016,Concrete Mix C30,101,"132,87",M3,"749.624,01",INR,KST-5002
T001,Tata Manufacturing Ltd,100,1000,PL04,20240628,000000000500013,Motor Spirit,261,"602,75",L,"61.666,63",INR,KST-5005
T001,Tata Manufacturing Ltd,100,1000,PL04,20240630,000000000500014,LPG Industrial,261,"166,93",KG,"11.214,30",INR,KST-5010
T001,Tata Manufacturing Ltd,100,2000,PL03,20240602,000000000500016,Concrete Mix C30,101,"116,91",M3,"736.328,26",INR,KST-5006
T001,Tata Manufacturing Ltd,100,1000,PL01,20240430,000000000500013,Motor Spirit,261,"401,48",L,"38.394,12",INR,KST-5001
T001,Tata Manufacturing Ltd,100,2000,PL03,20240604,000000000500016,Concrete Mix C30,101,"28,07",M3,"164.140,00",INR,KST-5007
T001,Tata Manufacturing Ltd,100,1000,PL01,20240110,000000000500016,Concrete Mix C30,101,"68,28",M3,"362.052,25",INR,KST-5002
T001,Tata Manufacturing Ltd,100,2000,PL01,20240426,000000000500016,Concrete Mix C30,101,"-500,00",M3,"231.939,04",INR,KST-5005
T001,Tata Manufacturing Ltd,100,1000,PL03,20240517,000000000500012,Diesel EN590,261,"812,19",L,"75.915,24",INR,KST-5007
T001,Tata Manufacturing Ltd,100,1000,PL03,20240301,000000000500014,LPG Industrial,261,"193,00",KG,"14.132,98",INR,KST-5003
T001,Tata Manufacturing Ltd,100,2000,PL03,20240621,000000000500012,Diesel EN590,201,"1.042,75",L,"93.020,67",INR,KST-5008
T001,Tata Manufacturing Ltd,100,2000,PL01,20240501,000000000500014,LPG Industrial,261,"296,60",KG,"20.262,27",INR,KST-5005
T001,Tata Manufacturing Ltd,100,2000,PL02,20240210,000000000500015,Structural Steel,101,"5.632,08",KG,"312.697,69",INR,KST-5010
T001,Tata Manufacturing Ltd,100,1000,PL03,20240408,000000000500016,Concrete Mix C30,101,"58,17",M3,"330.541,00",INR,KST-5002
T001,Tata Manufacturing Ltd,100,2000,PL01,20240610,000000000500016,Concrete Mix C30,101,"48,96",M3,"233.005,95",INR,KST-5003
T001,Tata Manufacturing Ltd,100,1000,PL02,20240113,000000000500012,Diesel EN590,261,"536,66",L,"48.141,83",INR,KST-5010
T001,Tata Manufacturing Ltd,100,1000,PL03,20240523,000000000500016,Concrete Mix C30,101,"64,88",M3,"316.568,29",INR,KST-5005
T001,Tata Manufacturing Ltd,100,2000,PL03,20240422,000000000500013,Motor Spirit,261,"370,62",L,"38.033,09",INR,KST-5002
T001,Tata Manufacturing Ltd,100,1000,PL01,20240102,000000000500015,Structural Steel,101,"6.421,40",KG,"401.739,92",INR,KST-5001
T001,Tata Manufacturing Ltd,100,1000,PL03,20240215,000000000500012,Diesel EN590,261,"890,57",L,"83.199,92",INR,KST-5006
T001,Tata Manufacturing Ltd,100,2000,PL04,20240221,000000000500012,Diesel EN590,261,"529,17",L,"48.158,00",INR,KST-5006
T001,Tata Manufacturing Ltd,100,2000,PL04,20240217,000000000500015,Structural Steel,101,"3.078,46",KG,"236.396,92",INR,KST-5008
T001,Tata Manufacturing Ltd,100,2000,PL04,20240507,000000000500013,Motor Spirit,261,"383,36",GAL,"39.266,31",INR,KST-5008
T001,Tata Manufacturing Ltd,100,2000,PL02,20240420,000000000500016,Concrete Mix C30,101,"78,30",M3,"474.925,76",INR,KST-5004
T001,Tata Manufacturing Ltd,100,1000,PL04,20240113,000000000500014,LPG Industrial,261,"293,95",KG,"18.891,96",INR,KST-5009
T001,Tata Manufacturing Ltd,100,2000,PL01,20240322,000000000500013,Motor Spirit,261,"439,65",L,"46.236,04",INR,KST-5008
T001,Tata Manufacturing Ltd,100,1000,PL02,20240228,000000000500012,Diesel EN590,261,"547,44",L,"50.312,15",INR,KST-5008
T001,Tata Manufacturing Ltd,100,2000,PL01,20240319,000000000500013,Motor Spirit,261,"406,37",L,"38.690,08",INR,KST-5008
T001,Tata Manufacturing Ltd,100,2000,PL04,20240217,000000000500014,LPG Industrial,261,"149,01",KG,"9.650,66",INR,KST-5005
T001,Tata Manufacturing Ltd,100,1000,PL01,20240605,000000000500016,,101,"102,05",M3,"605.999,86",INR,KST-5008
T001,Tata Manufacturing Ltd,100,1000,PL01,20240409,000000000500013,Motor Spirit,261,"694,13",L,"70.618,16",INR,KST-5005
T001,Tata Manufacturing Ltd,100,2000,PL02,20240506,000000000500015,Structural Steel,101,"1.708,71",KG,"110.685,13",INR,KST-5004
T001,Tata Manufacturing Ltd,100,1000,PL01,20240204,000000000500013,Motor Spirit,261,"357,99",L,"38.544,37",INR,KST-5003
T001,Tata Manufacturing Ltd,100,1000,PL03,20240422,000000000500012,Diesel EN590,201,"726,12",L,"66.821,18",INR,KST-5003
T001,Tata Manufacturing Ltd,100,1000,PL02,20240112,000000000500014,LPG Industrial,261,"385,49",KG,"24.288,82",INR,KST-5007
T001,Tata Manufacturing Ltd,100,2000,PL04,20240407,000000000500014,LPG Industrial,261,"479,63",KG,"32.372,58",INR,KST-5010
T001,Tata Manufacturing Ltd,100,1000,PL01,20240609,000000000500015,Structural Steel,101,"5.713,58",KG,"463.244,11",INR,KST-5008
T001,Tata Manufacturing Ltd,100,1000,PL01,20240315,000000000500012,Diesel EN590,201,"695,80",L,"63.046,71",INR,KST-5003
T001,Tata Manufacturing Ltd,100,1000,PL02,20240401,000000000500016,Concrete Mix C30,101,"29,33",M3,"163.945,28",INR,KST-5001
T001,Tata Manufacturing Ltd,100,2000,PL04,20240106,000000000500014,LPG Industrial,261,"249,42",KG,"16.979,64",INR,KST-5006
T001,Tata Manufacturing Ltd,100,1000,PL03,20240223,000000000500013,Motor Spirit,261,"265,67",L,"27.990,11",INR,KST-5001
T001,Tata Manufacturing Ltd,100,1000,PL03,20240504,000000000500012,Diesel EN590,261,"823,42",GAL,"74.627,59",INR,KST-5002
T001,Tata Manufacturing Ltd,100,1000,PL04,20240415,000000000500012,Diesel EN590,261,"944,23",GAL,"83.977,95",INR,KST-5007
T001,Tata Manufacturing Ltd,100,1000,PL03,20240529,000000000500012,Diesel EN590,261,"1.075,96",L,"97.817,82",INR,KST-5004
T001,Tata Manufacturing Ltd,100,2000,PL02,20240520,000000000500016,Concrete Mix C30,101,"37,76",M3,"211.614,08",INR,KST-5002
T001,Tata Manufacturing Ltd,100,2000,PL04,20240423,000000000500012,Diesel EN590,261,"1.000,38",L,"94.583,61",INR,KST-5003
T001,Tata Manufacturing Ltd,100,1000,PL01,20240324,000000000500013,Motor Spirit,261,"561,44",L,"58.068,33",INR,KST-5007
T001,Tata Manufacturing Ltd,100,2000,PL03,20240410,000000000500013,Motor Spirit,261,"451,13",L,"48.222,10",INR,KST-5006
T001,Tata Manufacturing Ltd,100,2000,PL02,20240125,000000000500014,LPG Industrial,261,"348,49",KG,"21.506,27",INR,KST-5009
T001,Tata Manufacturing Ltd,100,1000,PL04,20240606,000000000500015,Structural Steel,101,"7.125,69",KG,"514.869,66",INR,KST-5002
T001,Tata Manufacturing Ltd,100,2000,PL03,20240427,000000000500015,Structural Steel,101,"1.471,89",KG,"123.213,50",INR,KST-5007
T001,Tata Manufacturing Ltd,100,1000,PL01,20240619,000000000500016,Concrete Mix C30,101,"72,11",M3,"404.553,83",INR,KST-5001
T001,Tata Manufacturing Ltd,100,1000,PL02,20240125,000000000500014,LPG Industrial,261,"336,49",KG,"22.444,87",INR,KST-5005
T001,Tata Manufacturing Ltd,100,2000,PL02,20240331,000000000500016,Concrete Mix C30,101,"114,53",M3,"669.890,94",INR,KST-5007
T001,Tata Manufacturing Ltd,100,1000,PL02,20240414,000000000500015,Structural Steel,101,"6.705,10",KG,"377.976,04",INR,KST-5005
T001,Tata Manufacturing Ltd,100,1000,PL02,20240217,000000000500015,Structural Steel,101,"6.341,98",KG,"424.287,31",INR,KST-5005
T001,Tata Manufacturing Ltd,100,2000,PL01,20240205,000000000500012,Diesel EN590,201,"714,08",L,"63.767,89",INR,KST-5005
T001,Tata Manufacturing Ltd,100,1000,PL04,20240410,000000000500013,Motor Spirit,261,"667,00",L,"65.708,84",INR,KST-5007
T001,Tata Manufacturing Ltd,100,2000,PL04,20240421,000000000500016,Concrete Mix C30,101,"-500,00",M3,"98.058,57",INR,KST-5005
T001,Tata Manufacturing Ltd,100,2000,PL02,20240114,000000000500014,LPG Industrial,261,"201,87",KG,"14.762,58",INR,KST-5006
T001,Tata Manufacturing Ltd,100,2000,PL01,20240526,000000000500015,Structural Steel,101,"5.095,49",KG,"287.067,12",INR,KST-5004
T001,Tata Manufacturing Ltd,100,1000,PL02,20240204,000000000500016,Concrete Mix C30,101,"113,85",M3,"522.411,57",INR,KST-5004
T001,Tata Manufacturing Ltd,100,1000,PL03,20240211,000000000500013,Motor Spirit,261,"257,00",L,"26.402,66",INR,KST-5008
T001,Tata Manufacturing Ltd,100,1000,PL02,20240114,000000000500016,Concrete Mix C30,101,"79,95",M3,"361.902,67",INR,KST-5001
T001,Tata Manufacturing Ltd,100,2000,PL02,20240407,000000000500014,LPG Industrial,261,"358,22",KG,"22.639,46",INR,KST-5008
T001,Tata Manufacturing Ltd,100,2000,PL03,20240418,000000000500012,Diesel EN590,201,"586,28",GAL,"54.190,01",INR,KST-5004
T001,Tata Manufacturing Ltd,100,1000,PL04,20240616,000000000500016,Concrete Mix C30,101,"112,31",M3,"525.920,58",INR,KST-5001
T001,Tata Manufacturing Ltd,100,1000,PL02,20240616,000000000500014,LPG Industrial,261,"432,82",KG,"27.789,06",INR,KST-5005
T001,Tata Manufacturing Ltd,100,2000,PL01,20240302,000000000500015,Structural Steel,101,"1.113,95",KG,"70.114,85",INR,KST-5002
T001,Tata Manufacturing Ltd,100,1000,PL02,20240206,000000000500014,LPG Industrial,261,"192,41",KG,"12.387,31",INR,KST-5009
T001,Tata Manufacturing Ltd,100,2000,PL04,20240628,000000000500014,LPG Industrial,261,"230,24",KG,"14.531,49",INR,KST-5009
T001,Tata Manufacturing Ltd,100,2000,PL03,20240111,000000000500015,Structural Steel,101,"3.425,88",KG,"261.667,32",INR,KST-5010
T001,Tata Manufacturing Ltd,100,2000,PL01,20240131,000000000500015,Structural Steel,101,"6.782,89",KG,"446.850,90",INR,KST-5001
T001,Tata Manufacturing Ltd,100,2000,PL04,20240508,000000000500014,LPG Industrial,261,"197,98",KG,"14.565,35",INR,KST-5010
T001,Tata Manufacturing Ltd,100,2000,PL01,20240304,000000000500012,Diesel EN590,261,"879,79",L,"78.316,14",INR,KST-5010
T001,Tata Manufacturing Ltd,100,1000,PL01,20240406,000000000500012,Diesel EN590,201,"1.041,55",L,"92.458,73",INR,KST-5010
T001,Tata Manufacturing Ltd,100,1000,PL03,20240607,000000000500013,Motor Spirit,261,"582,23",L,"57.416,30",INR,KST-5005
T001,Tata Manufacturing Ltd,100,1000,PL04,20240619,000000000500015,Structural Steel,101,"7.748,47",KG,"557.041,78",INR,KST-5007
T001,Tata Manufacturing Ltd,100,1000,PL04,20240108,000000000500012,Diesel EN590,201,"672,69",L,"59.876,14",INR,KST-5008
T001,Tata Manufacturing Ltd,100,1000,PL03,20240126,000000000500015,Structural Steel,101,"2.980,32",KG,"200.890,33",INR,KST-5005
T001,Tata Manufacturing Ltd,100,2000,PL04,20240307,000000000500014,LPG Industrial,261,"309,88",KG,"19.242,56",INR,KST-5004
T001,Tata Manufacturing Ltd,100,1000,PL04,20240221,000000000500014,LPG Industrial,261,"100,17",KG,"7.298,79",INR,KST-5001
T001,Tata Manufacturing Ltd,100,2000,PL03,20240518,000000000500012,Diesel EN590,261,"963,12",L,"89.147,64",INR,KST-5006
T001,Tata Manufacturing Ltd,100,1000,,20240617,000000000500016,Concrete Mix C30,101,"117,24",M3,"671.875,10",INR,KST-5003
T001,Tata Manufacturing Ltd,100,1000,PL02,20240102,000000000500012,Diesel EN590,261,"657,06",L,"58.858,36",INR,KST-5010
T001,Tata Manufacturing Ltd,100,1000,PL04,20240211,000000000500015,Structural Steel,101,"4.227,74",KG,"340.907,62",INR,KST-5010
T001,Tata Manufacturing Ltd,100,1000,PL02,20240219,000000000500016,Concrete Mix C30,101,"19,17",M3,"94.044,09",INR,KST-5006
T001,Tata Manufacturing Ltd,100,2000,PL03,20240412,000000000500016,Concrete Mix C30,101,"36,45",M3,"178.638,33",INR,KST-5007
T001,Tata Manufacturing Ltd,100,2000,PL04,20240212,000000000500012,Diesel EN590,261,"488,80",L,"44.776,49",INR,KST-5001
T001,Tata Manufacturing Ltd,100,1000,PL04,20240519,000000000500012,Diesel EN590,201,"666,82",L,"62.651,51",INR,KST-5009
T001,Tata Manufacturing Ltd,100,2000,PL04,20240427,000000000500016,Concrete Mix C30,101,"46,99",M3,"212.138,34",INR,KST-5001
T001,Tata Manufacturing Ltd,100,2000,PL04,20240524,000000000500014,LPG Industrial,261,"160,24",KG,"10.014,50",INR,KST-5001
T001,Tata Manufacturing Ltd,100,2000,PL02,20240530,000000000500012,Diesel EN590,261,"644,98",GAL,"60.218,50",INR,KST-5010
T001,Tata Manufacturing Ltd,100,2000,PL04,20240602,000000000500015,Structural Steel,101,"2.234,81",KG,"189.523,42",INR,KST-5005
T001,Tata Manufacturing Ltd,100,1000,PL03,20240214,000000000500015,Structural Steel,101,"3.654,98",KG,"234.350,20",INR,KST-5007
T001,Tata Manufacturing Ltd,100,1000,PL02,20240406,000000000500015,Structural Steel,101,"6.886,09",KG,"583.468,03",INR,KST-5008
T001,Tata Manufacturing Ltd,100,1000,PL04,20240317,000000000500015,Structural Steel,101,"6.739,78",KG,"503.729,62",INR,KST-5003
T001,Tata Manufacturing Ltd,100,2000,PL02,20240524,000000000500016,Concrete Mix C30,101,"50,90",M3,"241.752,37",INR,KST-5003
T001,Tata Manufacturing Ltd,100,1000,,20240626,000000000500016,Concrete Mix C30,101,"30,41",M3,"147.581,40",INR,KST-5001
T001,Tata Manufacturing Ltd,100,2000,PL02,20240327,000000000500014,LPG Industrial,261,"375,69",KG,"22.656,06",INR,KST-5004
T001,Tata Manufacturing Ltd,100,1000,PL02,20240202,000000000500013,Motor Spirit,261,"287,98",L,"30.830,54",INR,KST-5005
T001,Tata Manufacturing Ltd,100,1000,PL03,20240405,000000000500016,Concrete Mix C30,101,"107,22",M3,"588.449,22",INR,KST-5001
T001,Tata Manufacturing Ltd,100,1000,PL02,20240314,000000000500013,Motor Spirit,261,"50.000,00",L,"35.771,45",INR,KST-5001
T001,Tata Manufacturing Ltd,100,1000,PL02,20240314,000000000500013,Motor Spirit,261,"330,64",GAL,"34.036,51",INR,KST-5009
T001,Tata Manufacturing Ltd,100,2000,PL02,20240321,000000000500014,LPG Industrial,261,"366,58",KG,"26.899,14",INR,KST-5003
T001,Tata Manufacturing Ltd,100,1000,PL02,20240608,000000000500014,LPG Industrial,261,"317,82",KG,"21.755,95",INR,KST-5010
T001,Tata Manufacturing Ltd,100,2000,PL03,20240607,000000000500016,Concrete Mix C30,101,"78,06",M3,"454.522,32",INR,KST-5005
T001,Tata Manufacturing Ltd,100,2000,PL02,20240602,000000000500015,Structural Steel,101,"6.558,13",KG,"479.704,98",INR,KST-5002
T001,Tata Manufacturing Ltd,100,2000,PL03,20240312,000000000500012,Diesel EN590,201,"309,38",L,"28.272,33",INR,KST-5002
T001,Tata Manufacturing Ltd,100,2000,PL01,20240201,000000000500015,Structural Steel,101,"1.495,13",KG,"99.724,67",INR,KST-5005
T001,Tata Manufacturing Ltd,100,2000,PL02,20240221,000000000500012,Diesel EN590,261,"706,24",L,"66.506,42",INR,KST-5006
T001,Tata Manufacturing Ltd,100,2000,PL03,20240611,000000000500012,Diesel EN590,201,"364,89",L,"32.689,54",INR,KST-5001
T001,Tata Manufacturing Ltd,100,2000,PL02,20240107,000000000500012,Diesel EN590,201,"509,04",L,"48.002,22",INR,KST-5003
T001,Tata Manufacturing Ltd,100,2000,PL03,20240105,000000000500016,Concrete Mix C30,101,"12,95",M3,"68.393,42",INR,KST-5002
T001,Tata Manufacturing Ltd,100,1000,PL03,20240103,000000000500016,Concrete Mix C30,101,"85,49",M3,"415.287,48",INR,KST-5001
T001,Tata Manufacturing Ltd,100,1000,PL01,20240318,000000000500013,Motor Spirit,261,"321,01",L,"33.484,70",INR,KST-5010
T001,Tata Manufacturing Ltd,100,1000,PL04,20240605,000000000500013,Motor Spirit,261,"681,00",L,"73.368,02",INR,KST-5001
T001,Tata Manufacturing Ltd,100,1000,PL04,20240103,000000000500013,Motor Spirit,261,"517,11",L,"55.247,95",INR,KST-5003
T001,Tata Manufacturing Ltd,100,2000,PL01,20240329,000000000500015,Structural Steel,101,"2.193,63",KG,"147.120,40",INR,KST-5008
T001,Tata Manufacturing Ltd,100,2000,PL01,20240408,000000000500014,LPG Industrial,261,"174,10",KG,"11.647,42",INR,KST-5006
T001,Tata Manufacturing Ltd,100,1000,PL04,20240208,000000000500016,Concrete Mix C30,101,"85,65",M3,"467.779,25",INR,KST-5002
T001,Tata Manufacturing Ltd,100,1000,PL01,20240501,000000000500012,Diesel EN590,261,"865,77",L,"79.077,10",INR,KST-5006
T001,Tata Manufacturing Ltd,100,1000,PL04,20240510,000000000500016,Concrete Mix C30,101,"140,78",M3,"820.398,11",INR,KST-5003
T001,Tata Manufacturing Ltd,100,2000,PL02,20240626,000000000500012,Diesel EN590,201,"839,41",L,"76.455,96",INR,KST-5004
T001,Tata Manufacturing Ltd,100,1000,PL03,20240623,000000000500016,Concrete Mix C30,101,"23,38",M3,"105.605,36",INR,KST-5001
T001,Tata Manufacturing Ltd,100,1000,PL04,20240117,000000000500015,Structural Steel,101,"2.347,58",KG,"158.872,48",INR,KST-5007
T001,Tata Manufacturing Ltd,100,1000,PL02,20240614,000000000500012,Diesel EN590,201,"900,98",L,"81.730,21",INR,KST-5005
T001,Tata Manufacturing Ltd,100,1000,PL03,20240319,000000000500016,Concrete Mix C30,101,"116,04",M3,"550.331,19",INR,KST-5007
T001,Tata Manufacturing Ltd,100,2000,PL02,20240128,000000000500012,Diesel EN590,201,"826,32",L,"77.094,95",INR,KST-5010
T001,Tata Manufacturing Ltd,100,2000,PL03,20240328,000000000500014,LPG Industrial,261,"116,99",KG,"7.297,41",INR,KST-5008
T001,Tata Manufacturing Ltd,100,1000,PL01,20240510,000000000500016,Concrete Mix C30,101,"126,66",M3,"652.025,62",INR,KST-5002
T001,Tata Manufacturing Ltd,100,1000,PL02,20240319,000000000500015,Structural Steel,101,"4.409,60",KG,"323.404,17",INR,KST-5003
T001,Tata Manufacturing Ltd,100,1000,PL04,20240226,000000000500015,Structural Steel,101,"2.022,36",KG,"152.046,45",INR,KST-5008
T001,Tata Manufacturing Ltd,100,2000,PL01,20240428,000000000500014,LPG Industrial,261,"228,02",KG,"15.891,63",INR,KST-5004
T001,Tata Manufacturing Ltd,100,2000,PL02,20240609,000000000500016,Concrete Mix C30,101,"138,11",M3,"848.635,38",INR,KST-5009
T001,Tata Manufacturing Ltd,100,1000,PL04,20240613,000000000500012,Diesel EN590,201,"1.028,68",L,"91.343,25",INR,KST-5002
T001,Tata Manufacturing Ltd,100,1000,PL01,20240524,000000000500015,Structural Steel,101,"6.298,21",KG,"455.314,79",INR,KST-5007
T001,Tata Manufacturing Ltd,100,1000,PL02,20240303,000000000500016,Concrete Mix C30,101,"40,70",M3,"216.659,38",INR,KST-5009
T001,Tata Manufacturing Ltd,100,1000,PL01,20240104,000000000500015,Structural Steel,101,"4.471,16",KG,"281.895,74",INR,KST-5005
T001,Tata Manufacturing Ltd,100,1000,PL03,20240601,000000000500012,Diesel EN590,261,"701,42",L,"64.328,54",INR,KST-5005
T001,Tata Manufacturing Ltd,100,1000,PL03,20240225,000000000500016,Concrete Mix C30,101,"67,64",M3,"371.777,86",INR,KST-5006
T001,Tata Manufacturing Ltd,100,2000,PL04,20240309,000000000500015,Structural Steel,101,"4.325,01",KG,"254.916,16",INR,KST-5010
T001,Tata Manufacturing Ltd,100,1000,PL01,20240428,000000000500014,LPG Industrial,261,"453,07",KG,"33.519,74",INR,KST-5010
T001,Tata Manufacturing Ltd,100,2000,PL04,20240610,000000000500014,LPG Industrial,261,"384,42",KG,"26.713,18",INR,KST-5008
T001,Tata Manufacturing Ltd,100,2000,PL02,20240103,000000000500014,LPG Industrial,261,"274,62",KG,"17.558,69",INR,KST-5010
T001,Tata Manufacturing Ltd,100,1000,PL04,20240521,000000000500012,Diesel EN590,201,"938,38",L,"82.966,45",INR,KST-5010
T001,Tata Manufacturing Ltd,100,1000,PL04,20240224,000000000500015,Structural Steel,101,"3.130,01",KG,"190.333,26",INR,KST-5004
T001,Tata Manufacturing Ltd,100,1000,PL03,20240520,000000000500016,Concrete Mix C30,101,"119,83",M3,"583.233,28",INR,KST-5009
T001,Tata Manufacturing Ltd,100,1000,PL04,20240614,000000000500014,LPG Industrial,261,"315,60",KG,"21.750,89",INR,KST-5010
T001,Tata Manufacturing Ltd,100,1000,PL02,20240226,000000000500015,Structural Steel,101,"5.065,40",KG,"389.623,83",INR,KST-5008
T001,Tata Manufacturing Ltd,100,2000,PL03,20240316,000000000500013,Motor Spirit,261,"369,53",L,"39.879,23",INR,KST-5001
T001,Tata Manufacturing Ltd,100,1000,PL01,20240206,000000000500015,Structural Steel,101,"6.791,98",KG,"575.698,40",INR,KST-5008
T001,Tata Manufacturing Ltd,100,2000,PL04,20240628,000000000500016,,101,"53,98",M3,"281.221,58",INR,KST-5002
T001,Tata Manufacturing Ltd,100,2000,PL04,20240109,000000000500015,Structural Steel,101,"5.817,14",KG,"462.025,48",INR,KST-5001
T001,Tata Manufacturing Ltd,100,1000,PL04,20240218,000000000500015,Structural Steel,101,"6.309,14",KG,"454.507,69",INR,KST-5007
T001,Tata Manufacturing Ltd,100,2000,PL04,20240313,000000000500012,Diesel EN590,261,"782,04",L,"70.288,54",INR,KST-5003
T001,Tata Manufacturing Ltd,100,1000,PL03,20240123,000000000500015,Structural Steel,101,"2.811,64",KG,"199.974,45",INR,KST-5006
T001,Tata Manufacturing Ltd,100,1000,PL04,20240308,000000000500012,Diesel EN590,261,"375,68",L,"35.281,78",INR,KST-5007
T001,Tata Manufacturing Ltd,100,1000,PL03,20240326,000000000500016,Concrete Mix C30,101,"12,55",M3,"71.781,19",INR,KST-5008
T001,Tata Manufacturing Ltd,100,2000,PL04,20240314,000000000500015,Structural Steel,101,"1.915,70",KG,"140.013,13",INR,KST-5009
T001,Tata Manufacturing Ltd,100,1000,,20240527,000000000500012,Diesel EN590,261,"674,58",L,"61.460,26",INR,KST-5001
T001,Tata Manufacturing Ltd,100,2000,PL01,20240419,000000000500012,Diesel EN590,201,"530,48",GAL,"48.607,80",INR,KST-5006
T001,Tata Manufacturing Ltd,100,2000,PL04,20240112,000000000500013,Motor Spirit,261,"472,44",L,"48.283,04",INR,KST-5008
T001,Tata Manufacturing Ltd,100,1000,PL01,20240313,000000000500014,LPG Industrial,261,"205,27",KG,"14.335,53",INR,KST-5004
T001,Tata Manufacturing Ltd,100,1000,PL02,20240413,000000000500013,Motor Spirit,261,"311,17",L,"31.208,29",INR,KST-5004
T001,Tata Manufacturing Ltd,100,1000,PL01,20240628,000000000500012,Diesel EN590,261,"563,61",L,"51.383,62",INR,KST-5001
T001,Tata Manufacturing Ltd,100,1000,PL01,20240607,000000000500013,Motor Spirit,261,"453,38",L,"48.972,32",INR,KST-5004
T001,Tata Manufacturing Ltd,100,2000,PL04,20240419,000000000500013,Motor Spirit,261,"358,98",L,"36.225,47",INR,KST-5006
T001,Tata Manufacturing Ltd,100,2000,PL03,20240610,000000000500016,Concrete Mix C30,101,"28,66",M3,"160.063,42",INR,KST-5004
T001,Tata Manufacturing Ltd,100,2000,PL02,20240626,000000000500016,Concrete Mix C30,101,"50,46",M3,"327.666,08",INR,KST-5005
T001,Tata Manufacturing Ltd,100,1000,PL01,20240103,000000000500016,Concrete Mix C30,101,"33,02",M3,"202.042,61",INR,KST-5004
T001,Tata Manufacturing Ltd,100,1000,PL03,20240121,000000000500016,Concrete Mix C30,101,"112,05",M3,"541.678,19",INR,KST-5009
T001,Tata Manufacturing Ltd,100,1000,PL04,20240519,000000000500016,Concrete Mix C30,101,"130,46",M3,"692.582,02",INR,KST-5009
T001,Tata Manufacturing Ltd,100,2000,PL04,20240426,000000000500012,Diesel EN590,201,"876,38",GAL,"81.028,75",INR,KST-5002
T001,Tata Manufacturing Ltd,100,1000,PL03,20240506,000000000500016,Concrete Mix C30,101,"103,63",M3,"645.825,66",INR,KST-5010
T001,Tata Manufacturing Ltd,100,2000,PL04,20240426,000000000500012,Diesel EN590,261,"568,05",L,"50.885,10",INR,KST-5005
T001,Tata Manufacturing Ltd,100,2000,PL02,20240227,000000000500015,Structural Steel,101,"3.572,25",KG,"276.656,52",INR,KST-5002
T001,Tata Manufacturing Ltd,100,2000,PL04,20240316,000000000500012,Diesel EN590,201,"823,29",L,"76.236,77",INR,KST-5008
T001,Tata Manufacturing Ltd,100,2000,PL03,20240218,000000000500014,LPG Industrial,261,"282,23",KG,"20.512,97",INR,KST-5006
T001,Tata Manufacturing Ltd,100,1000,,20240418,000000000500012,Diesel EN590,201,"822,40",L,"77.095,13",INR,KST-5008
T001,Tata Manufacturing Ltd,100,2000,PL04,20240624,000000000500016,Concrete Mix C30,101,"132,22",M3,"671.027,09",INR,KST-5004
T001,Tata Manufacturing Ltd,100,1000,PL04,20240102,000000000500012,Diesel EN590,201,"702,02",L,"65.978,83",INR,KST-5004
T001,Tata Manufacturing Ltd,100,2000,PL02,20240520,000000000500012,Diesel EN590,201,"751,23",L,"67.047,61",INR,KST-5009
T001,Tata Manufacturing Ltd,100,2000,PL04,20240519,000000000500014,LPG Industrial,261,"226,10",KG,"15.329,90",INR,KST-5008
T001,Tata Manufacturing Ltd,100,2000,PL03,20240218,000000000500016,Concrete Mix C30,101,"80,35",M3,"369.291,92",INR,KST-5003
T001,Tata Manufacturing Ltd,100,1000,PL02,20240417,000000000500013,Motor Spirit,261,"570,32",L,"56.635,77",INR,KST-5009
T001,Tata Manufacturing Ltd,100,1000,PL02,20240601,000000000500012,Diesel EN590,201,"912,26",L,"81.511,62",INR,KST-5010
T001,Tata Manufacturing Ltd,100,2000,PL02,20240514,000000000500012,Diesel EN590,201,"846,81",L,"78.510,03",INR,KST-5010
T001,Tata Manufacturing Ltd,100,1000,PL02,20240409,000000000500013,Motor Spirit,261,"315,47",L,"33.577,63",INR,KST-5001
T001,Tata Manufacturing Ltd,100,2000,PL03,20240303,000000000500012,Diesel EN590,261,"550,41",L,"50.223,82",INR,KST-5002
T001,Tata Manufacturing Ltd,100,1000,PL02,20240624,000000000500013,Motor Spirit,261,"433,21",L,"46.363,14",INR,KST-5002
T001,Tata Manufacturing Ltd,100,2000,PL04,20240608,000000000500016,Concrete Mix C30,101,"18,60",M3,"91.797,18",INR,KST-5007
T001,Tata Manufacturing Ltd,100,2000,PL02,20240104,000000000500012,,261,"827,38",L,"73.077,88",INR,KST-5003
T001,Tata Manufacturing Ltd,100,1000,PL02,20240215,000000000500013,Motor Spirit,261,"325,03",L,"35.537,33",INR,KST-5002
T001,Tata Manufacturing Ltd,100,1000,PL04,20240404,000000000500012,Diesel EN590,201,"733,14",L,"68.473,61",INR,KST-5002
T001,Tata Manufacturing Ltd,100,2000,PL02,20240317,000000000500016,Concrete Mix C30,101,"22,51",M3,"126.888,01",INR,KST-5001
T001,Tata Manufacturing Ltd,100,2000,PL04,20240608,000000000500016,Concrete Mix C30,101,"26,74",M3,"158.222,34",INR,KST-5005
T001,Tata Manufacturing Ltd,100,2000,PL02,20240107,000000000500013,Motor Spirit,261,"338,77",L,"36.782,54",INR,KST-5006
T001,Tata Manufacturing Ltd,100,2000,PL02,20240412,000000000500012,Diesel EN590,201,"570,19",L,"50.646,20",INR,KST-5001
T001,Tata Manufacturing Ltd,100,2000,PL04,20240226,000000000500015,Structural Steel,101,"1.178,98",KG,"76.393,92",INR,KST-5010
T001,Tata Manufacturing Ltd,100,2000,PL03,20240528,000000000500015,Structural Steel,101,"8.236,03",KG,"691.512,84",INR,KST-5001
T001,Tata Manufacturing Ltd,100,2000,PL04,20240217,000000000500013,Motor Spirit,261,"249,24",L,"25.131,52",INR,KST-5007
T001,Tata Manufacturing Ltd,100,2000,PL02,20240123,000000000500015,Structural Steel,101,"2.902,94",KG,"230.175,42",INR,KST-5003
T001,Tata Manufacturing Ltd,100,2000,PL04,20240425,000000000500012,Diesel EN590,261,"892,66",L,"84.378,61",INR,KST-5010
T001,Tata Manufacturing Ltd,100,1000,PL02,20240208,000000000500015,Structural Steel,101,"6.217,41",KG,"517.036,91",INR,KST-5009
T001,Tata Manufacturing Ltd,100,1000,PL02,20240303,000000000500012,Diesel EN590,201,"584,32",GAL,"53.044,81",INR,KST-5007
T001,Tata Manufacturing Ltd,100,2000,PL01,20240317,000000000500016,Concrete Mix C30,101,"91,95",M3,"572.452,12",INR,KST-5008
T001,Tata Manufacturing Ltd,100,2000,PL02,20240227,000000000500013,Motor Spirit,261,"286,38",L,"30.721,77",INR,KST-5010
T001,Tata Manufacturing Ltd,100,2000,PL01,20240215,000000000500015,Structural Steel,101,"2.535,25",KG,"214.935,26",INR,KST-5001
T001,Tata Manufacturing Ltd,100,2000,PL01,20240608,000000000500015,Structural Steel,101,"4.336,41",KG,"252.479,44",INR,KST-5008
T001,Tata Manufacturing Ltd,100,1000,PL03,20240621,000000000500014,LPG Industrial,261,"336,30",KG,"24.178,34",INR,KST-5004
T001,Tata Manufacturing Ltd,100,1000,PL02,20240320,000000000500014,LPG Industrial,261,"265,26",KG,"16.699,67",INR,KST-5006
T001,Tata Manufacturing Ltd,100,1000,PL02,20240122,000000000500016,Concrete Mix C30,101,"77,36",M3,"381.389,82",INR,KST-5004
T001,Tata Manufacturing Ltd,100,1000,PL02,20240522,000000000500016,Concrete Mix C30,101,"120,50",M3,"669.875,86",INR,KST-5010
T001,Tata Manufacturing Ltd,100,2000,PL04,20240610,000000000500013,Motor Spirit,261,"618,31",L,"63.881,56",INR,KST-5003
T001,Tata Manufacturing Ltd,100,1000,PL04,20240423,000000000500016,Concrete Mix C30,101,"97,12",M3,"441.052,82",INR,KST-5002
T001,Tata Manufacturing Ltd,100,1000,PL03,20240604,000000000500016,Concrete Mix C30,101,"114,15",M3,"680.121,74",INR,KST-5002
T001,Tata Manufacturing Ltd,100,2000,PL02,20240118,000000000500016,Concrete Mix C30,101,"66,61",M3,"341.622,08",INR,KST-5005
T001,Tata Manufacturing Ltd,100,1000,PL04,20240608,000000000500015,Structural Steel,101,"2.616,88",KG,"160.354,06",INR,KST-5001
T001,Tata Manufacturing Ltd,100,2000,PL02,20240109,000000000500015,Structural Steel,101,"6.328,97",KG,"411.706,48",INR,KST-5007
T001,Tata Manufacturing Ltd,100,2000,PL01,20240226,000000000500015,Structural Steel,101,"6.263,50",KG,"437.441,85",INR,KST-5006
T001,Tata Manufacturing Ltd,100,1000,PL02,20240530,000000000500014,LPG Industrial,261,"426,58",KG,"29.520,93",INR,KST-5003
T001,Tata Manufacturing Ltd,100,1000,PL04,20240108,000000000500015,Structural Steel,101,"3.856,56",KG,"256.947,73",INR,KST-5006
T001,Tata Manufacturing Ltd,100,1000,PL02,20270115,000000000500012,Diesel EN590,201,"304,41",L,"27.675,58",INR,KST-5005
T001,Tata Manufacturing Ltd,100,1000,PL02,20240202,000000000500012,Diesel EN590,311,"411,14",GAL,"37.168,81",INR,KST-5001
T001,Tata Manufacturing Ltd,100,1000,PL02,20240120,000000000500013,Motor Spirit,261,"341,45",L,"33.654,67",INR,KST-5005
T001,Tata Manufacturing Ltd,100,2000,PL02,20240207,000000000500013,Motor Spirit,261,"464,06",L,"49.520,45",INR,KST-5006
T001,Tata Manufacturing Ltd,100,1000,PL03,20240410,000000000500013,Motor Spirit,261,"478,74",L,"48.560,21",INR,KST-5009
T001,Tata Manufacturing Ltd,100,2000,PL04,20240524,000000000500014,LPG Industrial,261,"333,63",KG,"24.854,00",INR,KST-5008
T001,Tata Manufacturing Ltd,100,1000,PL03,20240310,000000000500013,Motor Spirit,311,"371,45",GAL,"39.033,06",INR,KST-5006
T001,Tata Manufacturing Ltd,100,1000,PL02,20240420,000000000500013,Motor Spirit,261,"669,66",L,"63.906,16",INR,KST-5005
T001,Tata Manufacturing Ltd,100,1000,PL04,20240325,000000000500014,LPG Industrial,261,"153,05",KG,"10.742,58",INR,KST-5003
T001,Tata Manufacturing Ltd,100,1000,PL04,20240620,000000000500012,Diesel EN590,201,"433,34",L,"40.632,91",INR,KST-5001
T001,Tata Manufacturing Ltd,100,2000,PL02,20240306,000000000500014,LPG Industrial,261,"332,01",KG,"21.118,63",INR,KST-5007
T001,Tata Manufacturing Ltd,100,1000,PL01,20270115,000000000500016,Concrete Mix C30,101,"75,05",M3,"429.704,80",INR,KST-5009
T001,Tata Manufacturing Ltd,100,1000,PL04,20240608,000000000500013,Motor Spirit,261,"484,42",L,"49.869,62",INR,KST-5007
T001,Tata Manufacturing Ltd,100,1000,PL01,20240325,000000000500015,Structural Steel,101,"2.921,25",KG,"218.579,43",INR,KST-5001
T001,Tata Manufacturing Ltd,100,2000,PL04,20240201,000000000500013,Motor Spirit,261,"534,29",L,"51.565,86",INR,KST-5006
T001,Tata Manufacturing Ltd,100,1000,PL04,20240627,000000000500013,Motor Spirit,261,"464,58",L,"49.006,57",INR,KST-5003
T001,Tata Manufacturing Ltd,100,1000,PL02,20240311,000000000500014,LPG Industrial,261,"142,48",KG,"9.248,57",INR,KST-5005
T001,Tata Manufacturing Ltd,100,1000,PL01,20240530,000000000500014,LPG Industrial,261,"130,43",KG,"8.285,25",INR,KST-5007
T001,Tata Manufacturing Ltd,100,2000,PL02,20240317,000000000500016,Concrete Mix C30,101,"22,51",M3,"126.888,01",INR,KST-5001
T001,Tata Manufacturing Ltd,100,1000,PL01,20240321,000000000500014,LPG Industrial,261,"136,83",KG,"9.198,16",INR,KST-5007
T001,Tata Manufacturing Ltd,100,2000,PL03,20240303,000000000500015,Structural Steel,101,"3.295,11",KG,"273.915,73",INR,KST-5001
T001,Tata Manufacturing Ltd,100,1000,PL04,20240616,000000000500016,Concrete Mix C30,101,"112,31",M3,"525.920,58",INR,KST-5001
T001,Tata Manufacturing Ltd,100,2000,PL03,20240427,000000000500015,Structural Steel,101,"1.471,89",KG,"123.213,50",INR,KST-5007
T001,Tata Manufacturing Ltd,100,2000,PL03,20240611,000000000500012,Diesel EN590,201,"364,89",L,"32.689,54",INR,KST-5001
T001,Tata Manufacturing Ltd,100,2000,PL03,20240105,000000000500016,Concrete Mix C30,101,"12,95",M3,"68.393,42",INR,KST-5002
T001,Tata Manufacturing Ltd,100,1000,PL02,20240209,000000000500014,LPG Industrial,261,"130,96",KG,"8.452,04",INR,KST-5008
